ingredient,uses
https://nathantrance.github.io/SemanticWeb/id/ingredient/gin,85
https://nathantrance.github.io/SemanticWeb/id/ingredient/vodka,67
https://nathantrance.github.io/SemanticWeb/id/ingredient/lemon-juice,50
https://nathantrance.github.io/SemanticWeb/id/ingredient/sugar,50
https://nathantrance.github.io/SemanticWeb/id/ingredient/orange-juice,46
https://nathantrance.github.io/SemanticWeb/id/ingredient/ice,36
https://nathantrance.github.io/SemanticWeb/id/ingredient/lemon,36
https://nathantrance.github.io/SemanticWeb/id/ingredient/lime-juice,32
https://nathantrance.github.io/SemanticWeb/id/ingredient/light-rum,31
https://nathantrance.github.io/SemanticWeb/id/ingredient/grenadine,31
https://nathantrance.github.io/SemanticWeb/id/ingredient/lime,29
https://nathantrance.github.io/SemanticWeb/id/ingredient/water,28
https://nathantrance.github.io/SemanticWeb/id/ingredient/powdered-sugar,26
https://nathantrance.github.io/SemanticWeb/id/ingredient/triple-sec,24
https://nathantrance.github.io/SemanticWeb/id/ingredient/milk,23
